SampleNum,Sample,I7_Index_ID,index,I5_Index_ID,index2,Barcode,FullSampleNames,Admera.Health.Pool.ID,AdmName
577,577__2020,UDP0126,AGGAGGTATC,UDP0126,TGCCAACTGG,AGGAGGTATC+TGCCAACTGG,B5-5,18032FL-137-12,18032FL-137-12-01
526,526__2020,UDP0127,GCTGACGTTG,UDP0127,AATGCGAACA,GCTGACGTTG+AATGCGAACA,M2-2,18032FL-137-12,18032FL-137-12-02
527,527__2020,UDP0128,CTAATAACCG,UDP0128,CGATGCGGTT,CTAATAACCG+CGATGCGGTT,M3-2,18032FL-137-12,18032FL-137-12-03
520,520__2020,UDP0129,TCTAGGCGCG,UDP0129,TTAACCTTCG,TCTAGGCGCG+TTAACCTTCG,A2-2,18032FL-137-12,18032FL-137-12-04
546,546__2020,UDP0131,TTCGGTGTGA,UDP0131,ATACTTGTTC,TTCGGTGTGA+ATACTTGTTC,A4-3,18032FL-137-12,18032FL-137-12-05
501,501__2020,UDP0132,ATGTAACGTT,UDP0132,CAGCAATCGT,ATGTAACGTT+CAGCAATCGT,B1-1,18032FL-137-12,18032FL-137-12-06
504,504__2020,UDP0134,TGGTGTTATG,UDP0134,TAGAATTGGA,TGGTGTTATG+TAGAATTGGA,B4-1,18032FL-137-12,18032FL-137-12-07
514,514__2020,UDP0135,TGGCCTCTGT,UDP0135,CGCTGTCTCA,TGGCCTCTGT+CGCTGTCTCA,B2-2,18032FL-137-12,18032FL-137-12-08
587,587__2020,UDP0133,AACGAGGCCG,UDP0133,ATCCAGGTAT,AACGAGGCCG+ATCCAGGTAT,M3-5,18032FL-137-13,18032FL-137-13-06
550,550__2020,UDP0136,CCAGGCACCA,UDP0136,TAATTAGCGT,CCAGGCACCA+TAATTAGCGT,B2-4,18032FL-137-13,18032FL-137-13-07
559,559__2020,UDP0137,CCGGTTCCTA,UDP0137,CTCGAATATA,CCGGTTCCTA+CTCGAATATA,A5-4,18032FL-137-13,18032FL-137-13-08
548,548_v2_2020,UDP0188,TGCTACTGCC,UDP0188,CCTCCGGTTG,TGCTACTGCC+CCTCCGGTTG,A6-3,18032FL-137-14,18032FL-137-14-04
521,521_v2_2020,UDP0173,GTCCACCGCT,UDP0173,GCTAATAGGA,GTCCACCGCT+GCTAATAGGA,A3-2,18032FL-137-17,18032FL-137-17-05
561,561_v2_2020,UDP0174,ATTGTTCGTC,UDP0174,AATCTAGAGA,ATTGTTCGTC+AATCTAGAGA,M1-4,18032FL-137-17,18032FL-137-17-06
562,562_v2_2020,UDP0175,GGACCAGTGG,UDP0175,TAGGCTCGCG,GGACCAGTGG+TAGGCTCGCG,M2-4,18032FL-137-17,18032FL-137-17-07
551,551_v2_2020,UDP0176,CCTTCTAACA,UDP0176,AGAGCTTATC,CCTTCTAACA+AGAGCTTATC,B3-4,18032FL-137-17,18032FL-137-17-08
550,550_rep_2020,UDP0303,GGAGAGACTC,UDP0303,TCTGCTTCAA,GGAGAGACTC+TCTGCTTCAA,B2-4_rep,18032FL-137-18,18032FL-137-18-07
564,564__2020,UDP0140,TACGTGAAGG,UDP0140,CTAATAACCG,TACGTGAAGG+CTAATAACCG,M4-4,18032FL-137-11,18032FL-137-11-06
572,572__2020,UDP0143,GTTGGATGAA,UDP0143,TTACCTGGAA,GTTGGATGAA+TTACCTGGAA,M12-4,18032FL-137-11,18032FL-137-11-07
585,585__2020,UDP0144,AATCCAATTG,UDP0144,CCTCTACATG,AATCCAATTG+CCTCTACATG,M1-5,18032FL-137-11,18032FL-137-11-08